ITE00100554,17830101,TMAX,31,,,E,
ITE00100554,17830101,TMIN,6,,,E,
GM000010962,17830101,PRCP,0,,,E,
EZE00100082,17830101,TMAX,-8,,,E,
EZE00100082,17830101,TMIN,-42,,,E,
ITE00100554,17830102,TMAX,25,,,E,
ITE00100554,17830102,TMIN,0,,,E,
GM000010962,17830102,PRCP,4,,,E,
EZE00100082,17830102,TMAX,-26,,,E,
EZE00100082,17830102,TMIN,-40,,,E,
ITE00100554,17830103,TMAX,0,,,E,
ITE00100554,17830103,TMIN,-34,,,E,
GM000010962,17830103,PRCP,0,,,E,
EZE00100082,17830103,TMAX,-12,,,E,
EZE00100082,17830103,TMIN,-62,,,E,
ITE00100554,17830104,TMAX,15,,,E,
ITE00100554,17830104,TMIN,0,,,E,
GM000010962,17830104,PRCP,0,,,E,
EZE00100082,17830104,TMAX,-62,,,E,
EZE00100082,17830104,TMIN,-116,,,E,
ITE00100554,17830105,TMAX,20,,,E,
ITE00100554,17830105,TMIN,4,,,E,
GM000010962,17830105,PRCP,19,,,E,
EZE00100082,17830105,TMAX,-3,,,E,
EZE00100082,17830105,TMIN,-110,,,E,
ITE00100554,17830106,TMAX,20,,,E,
ITE00100554,17830106,TMIN,13,,,E,
GM000010962,17830106,PRCP,43,,,E,
EZE00100082,17830106,TMAX,99,,,E,
EZE00100082,17830106,TMIN,-3,,,E,
ITE00100554,17830107,TMAX,25,,,E,
ITE00100554,17830107,TMIN,16,,,E,
GM000010962,17830107,PRCP,7,,,E,
EZE00100082,17830107,TMAX,97,,,E,
EZE00100082,17830107,TMIN,59,,,E,
ITE00100554,17830108,TMAX,44,,,E,
ITE00100554,17830108,TMIN,25,,,E,
GM000010962,17830108,PRCP,0,,,E,
EZE00100082,17830108,TMAX,59,,,E,
EZE00100082,17830108,TMIN,37,,,E,
ITE00100554,17830109,TMAX,45,,,E,
ITE00100554,17830109,TMIN,0,,,E,
GM000010962,17830109,PRCP,6,,,E,
EZE00100082,17830109,TMAX,64,,,E,
EZE00100082,17830109,TMIN,50,,,E,
ITE00100554,17830110,TMAX,75,,,E,
ITE00100554,17830110,TMIN,28,,,E,
GM000010962,17830110,PRCP,0,,,E,
EZE00100082,17830110,TMAX,77,,,E,
EZE00100082,17830110,TMIN,50,,,E,
ITE00100554,17830111,TMAX,25,,,E,
ITE00100554,17830111,TMIN,6,,,E,
GM000010962,17830111,PRCP,4,,,E,
EZE00100082,17830111,TMAX,110,,,E,
EZE00100082,17830111,TMIN,64,,,E,
ITE00100554,17830112,TMAX,38,,,E,
ITE00100554,17830112,TMIN,25,,,E,
GM000010962,17830112,PRCP,0,,,E,
EZE00100082,17830112,TMAX,91,,,E,
EZE00100082,17830112,TMIN,58,,,E,
ITE00100554,17830113,TMAX,44,,,E,
ITE00100554,17830113,TMIN,38,,,E,
GM000010962,17830113,PRCP,3,,,E,
EZE00100082,17830113,TMAX,58,,,E,
EZE00100082,17830113,TMIN,23,,,E,
ITE00100554,17830114,TMAX,38,,,E,
ITE00100554,17830114,TMIN,3,,,E,
GM000010962,17830114,PRCP,4,,,E,
EZE00100082,17830114,TMAX,41,,,E,
EZE00100082,17830114,TMIN,20,,,E,
ITE00100554,17830115,TMAX,46,,,E,
ITE00100554,17830115,TMIN,46,,,E,
GM000010962,17830115,PRCP,60,,,E,
EZE00100082,17830115,TMAX,92,,,E,
EZE00100082,17830115,TMIN,20,,,E,
ITE00100554,17830116,TMAX,38,,,E,
ITE00100554,17830116,TMIN,25,,,E,
GM000010962,17830116,PRCP,9,,,E,
EZE00100082,17830116,TMAX,91,,,E,
EZE00100082,17830116,TMIN,42,,,E,
ITE00100554,17830117,TMAX,38,,,E,
ITE00100554,17830117,TMIN,13,,,E,
GM000010962,17830117,PRCP,3,,,E,
EZE00100082,17830117,TMAX,52,,,E,
EZE00100082,17830117,TMIN,25,,,E,
ITE00100554,17830118,TMAX,38,,,E,
ITE00100554,17830118,TMIN,6,,,E,
GM000010962,17830118,PRCP,1,,,E,
EZE00100082,17830118,TMAX,25,,,E,
EZE00100082,17830118,TMIN,5,,,E,
ITE00100554,17830119,TMAX,29,,,E,
ITE00100554,17830119,TMIN,8,,,E,
GM000010962,17830119,PRCP,1,,,E,
EZE00100082,17830119,TMAX,6,,,E,
EZE00100082,17830119,TMIN,-14,,,E,
ITE00100554,17830120,TMAX,38,,,E,
ITE00100554,17830120,TMIN,6,,,E,
GM000010962,17830120,PRCP,30,,,E,
EZE00100082,17830120,TMAX,4,,,E,
EZE00100082,17830120,TMIN,-37,,,E,
ITE00100554,17830121,TMAX,25,,,E,
ITE00100554,17830121,TMIN,-6,,,E,
GM000010962,17830121,PRCP,7,,,E,
EZE00100082,17830121,TMAX,15,,,E,
EZE00100082,17830121,TMIN,-25,,,E,
ITE00100554,17830122,TMAX,21,,,E,
ITE00100554,17830122,TMIN,16,,,E,
GM000010962,17830122,PRCP,0,,,E,
EZE00100082,17830122,TMAX,5,,,E,
EZE00100082,17830122,TMIN,-52,,,E,
ITE00100554,17830123,TMAX,25,,,E,
ITE00100554,17830123,TMIN,13,,,E,
GM000010962,17830123,PRCP,16,,,E,
EZE00100082,17830123,TMAX,6,,,E,
EZE00100082,17830123,TMIN,-27,,,E,
ITE00100554,17830124,TMAX,50,,,E,
ITE00100554,17830124,TMIN,0,,,E,
GM000010962,17830124,PRCP,30,,,E,
EZE00100082,17830124,TMAX,18,,,E,
EZE00100082,17830124,TMIN,-31,,,E,
ITE00100554,17830125,TMAX,25,,,E,
ITE00100554,17830125,TMIN,0,,,E,
GM000010962,17830125,PRCP,7,,,E,
EZE00100082,17830125,TMAX,0,,,E,
EZE00100082,17830125,TMIN,-31,,,E,
ITE00100554,17830126,TMAX,25,,,E,
ITE00100554,17830126,TMIN,0,,,E,
GM000010962,17830126,PRCP,0,,,E,
EZE00100082,17830126,TMAX,2,,,E,
EZE00100082,17830126,TMIN,-28,,,E,
ITE00100554,17830127,TMAX,25,,,E,
ITE00100554,17830127,TMIN,0,,,E,
GM000010962,17830127,PRCP,0,,,E,
EZE00100082,17830127,TMAX,13,,,E,
EZE00100082,17830127,TMIN,-21,,,E,
ITE00100554,17830128,TMAX,19,,,E,
ITE00100554,17830128,TMIN,13,,,E,
GM000010962,17830128,PRCP,0,,,E,
EZE00100082,17830128,TMAX,6,,,E,
EZE00100082,17830128,TMIN,-42,,,E,
ITE00100554,17830129,TMAX,25,,,E,
ITE00100554,17830129,TMIN,0,,,E,
GM000010962,17830129,PRCP,0,,,E,
EZE00100082,17830129,TMAX,56,,,E,
EZE00100082,17830129,TMIN,-17,,,E,
ITE00100554,17830130,TMAX,25,,,E,
ITE00100554,17830130,TMIN,-25,,,E,
GM000010962,17830130,PRCP,18,,,E,
EZE00100082,17830130,TMAX,57,,,E,
EZE00100082,17830130,TMIN,27,,,E,
ITE00100554,17830131,TMAX,25,,,E,
ITE00100554,17830131,TMIN,-25,,,E,
GM000010962,17830131,PRCP,0,,,E,
EZE00100082,17830131,TMAX,61,,,E,
EZE00100082,17830131,TMIN,28,,,E,
ITE00100554,17830201,TMAX,41,,,E,
ITE00100554,17830201,TMIN,9,,,E,
GM000010962,17830201,PRCP,3,,,E,
EZE00100082,17830201,TMAX,80,,,E,
EZE00100082,17830201,TMIN,48,,,E,
ITE00100554,17830202,TMAX,25,,,E,
ITE00100554,17830202,TMIN,0,,,E,
GM000010962,17830202,PRCP,0,,,E,
EZE00100082,17830202,TMAX,54,,,E,
EZE00100082,17830202,TMIN,22,,,E,
ITE00100554,17830203,TMAX,44,,,E,
ITE00100554,17830203,TMIN,9,,,E,
GM000010962,17830203,PRCP,31,,,E,
EZE00100082,17830203,TMAX,92,,,E,
EZE00100082,17830203,TMIN,43,,,E,
ITE00100554,17830204,TMAX,50,,,E,
ITE00100554,17830204,TMIN,0,,,E,
GM000010962,17830204,PRCP,0,,,E,
EZE00100082,17830204,TMAX,76,,,E,
EZE00100082,17830204,TMIN,50,,,E,
ITE00100554,17830205,TMAX,63,,,E,
ITE00100554,17830205,TMIN,15,,,E,
GM000010962,17830205,PRCP,0,,,E,
EZE00100082,17830205,TMAX,92,,,E,
EZE00100082,17830205,TMIN,58,,,E,
ITE00100554,17830206,TMAX,100,,,E,
ITE00100554,17830206,TMIN,25,,,E,
GM000010962,17830206,PRCP,13,,,E,
EZE00100082,17830206,TMAX,102,,,E,
EZE00100082,17830206,TMIN,58,,,E,
ITE00100554,17830207,TMAX,75,,,E,
ITE00100554,17830207,TMIN,38,,,E,
GM000010962,17830207,PRCP,5,,,E,
EZE00100082,17830207,TMAX,78,,,E,
EZE00100082,17830207,TMIN,39,,,E,
ITE00100554,17830208,TMAX,63,,,E,
ITE00100554,17830208,TMIN,50,,,E,
GM000010962,17830208,PRCP,1,,,E,
EZE00100082,17830208,TMAX,77,,,E,
EZE00100082,17830208,TMIN,25,,,E,
ITE00100554,17830209,TMAX,63,,,E,
ITE00100554,17830209,TMIN,50,,,E,
GM000010962,17830209,PRCP,0,,,E,
EZE00100082,17830209,TMAX,101,,,E,
EZE00100082,17830209,TMIN,29,,,E,
ITE00100554,17830210,TMAX,75,,,E,
ITE00100554,17830210,TMIN,50,,,E,
GM000010962,17830210,PRCP,11,,,E,
EZE00100082,17830210,TMAX,75,,,E,
EZE00100082,17830210,TMIN,37,,,E,
ITE00100554,17830211,TMAX,113,,,E,
ITE00100554,17830211,TMIN,25,,,E,
GM000010962,17830211,PRCP,4,,,E,
EZE00100082,17830211,TMAX,102,,,E,
EZE00100082,17830211,TMIN,51,,,E,
ITE00100554,17830212,TMAX,79,,,E,
ITE00100554,17830212,TMIN,45,,,E,
GM000010962,17830212,PRCP,0,,,E,
EZE00100082,17830212,TMAX,89,,,E,
EZE00100082,17830212,TMIN,40,,,E,
ITE00100554,17830213,TMAX,63,,,E,
ITE00100554,17830213,TMIN,56,,,E,
GM000010962,17830213,PRCP,0,,,E,
EZE00100082,17830213,TMAX,60,,,E,
EZE00100082,17830213,TMIN,25,,,E,
ITE00100554,17830214,TMAX,63,,,E,
ITE00100554,17830214,TMIN,50,,,E,
GM000010962,17830214,PRCP,63,,,E,
EZE00100082,17830214,TMAX,53,,,E,
EZE00100082,17830214,TMIN,25,,,E,
ITE00100554,17830215,TMAX,75,,,E,
ITE00100554,17830215,TMIN,31,,,E,
GM000010962,17830215,PRCP,13,,,E,
EZE00100082,17830215,TMAX,55,,,E,
EZE00100082,17830215,TMIN,24,,,E,
ITE00100554,17830216,TMAX,70,,,E,
ITE00100554,17830216,TMIN,23,,,E,
GM000010962,17830216,PRCP,37,,,E,
EZE00100082,17830216,TMAX,25,,,E,
EZE00100082,17830216,TMIN,-4,,,E,
ITE00100554,17830217,TMAX,75,,,E,
ITE00100554,17830217,TMIN,29,,,E,
GM000010962,17830217,PRCP,21,,,E,
EZE00100082,17830217,TMAX,6,,,E,
EZE00100082,17830217,TMIN,-14,,,E,
ITE00100554,17830218,TMAX,66,,,E,
ITE00100554,17830218,TMIN,20,,,E,
GM000010962,17830218,PRCP,0,,,E,
EZE00100082,17830218,TMAX,6,,,E,
EZE00100082,17830218,TMIN,-18,,,E,
ITE00100554,17830219,TMAX,65,,,E,
ITE00100554,17830219,TMIN,16,,,E,
GM000010962,17830219,PRCP,0,,,E,
EZE00100082,17830219,TMAX,36,,,E,
EZE00100082,17830219,TMIN,-6,,,E,
ITE00100554,17830220,TMAX,63,,,E,
ITE00100554,17830220,TMIN,38,,,E,
GM000010962,17830220,PRCP,0,,,E,
EZE00100082,17830220,TMAX,43,,,E,
EZE00100082,17830220,TMIN,-2,,,E,
ITE00100554,17830221,TMAX,63,,,E,
ITE00100554,17830221,TMIN,45,,,E,
GM000010962,17830221,PRCP,0,,,E,
EZE00100082,17830221,TMAX,42,,,E,
EZE00100082,17830221,TMIN,-10,,,E,
ITE00100554,17830222,TMAX,106,,,E,
ITE00100554,17830222,TMIN,34,,,E,
GM000010962,17830222,PRCP,1,,,E,
EZE00100082,17830222,TMAX,65,,,E,
EZE00100082,17830222,TMIN,27,,,E,
ITE00100554,17830223,TMAX,115,,,E,
ITE00100554,17830223,TMIN,38,,,E,
GM000010962,17830223,PRCP,0,,,E,
EZE00100082,17830223,TMAX,107,,,E,
EZE00100082,17830223,TMIN,48,,,E,
ITE00100554,17830224,TMAX,104,,,E,
ITE00100554,17830224,TMIN,70,,,E,
GM000010962,17830224,PRCP,79,,,E,
EZE00100082,17830224,TMAX,103,,,E,
EZE00100082,17830224,TMIN,40,,,E,
ITE00100554,17830225,TMAX,88,,,E,
ITE00100554,17830225,TMIN,38,,,E,
GM000010962,17830225,PRCP,13,,,E,
EZE00100082,17830225,TMAX,40,,,E,
EZE00100082,17830225,TMIN,8,,,E,
ITE00100554,17830226,TMAX,44,,,E,
ITE00100554,17830226,TMIN,20,,,E,
GM000010962,17830226,PRCP,3,,,E,
EZE00100082,17830226,TMAX,45,,,E,
EZE00100082,17830226,TMIN,-22,,,E,
ITE00100554,17830227,TMAX,63,,,E,
ITE00100554,17830227,TMIN,6,,,E,
GM000010962,17830227,PRCP,13,,,E,
EZE00100082,17830227,TMAX,25,,,E,
EZE00100082,17830227,TMIN,-27,,,E,
ITE00100554,17830228,TMAX,78,,,E,
ITE00100554,17830228,TMIN,0,,,E,
GM000010962,17830228,PRCP,6,,,E,
EZE00100082,17830228,TMAX,-1,,,E,
EZE00100082,17830228,TMIN,-40,,,E,
ITE00100554,17830301,TMAX,53,,,E,
ITE00100554,17830301,TMIN,9,,,E,
GM000010962,17830301,PRCP,42,,,E,
EZE00100082,17830301,TMAX,-20,,,E,
EZE00100082,17830301,TMIN,-65,,,E,
ITE00100554,17830302,TMAX,78,,,E,
ITE00100554,17830302,TMIN,38,,,E,
GM000010962,17830302,PRCP,14,,,E,
EZE00100082,17830302,TMAX,-26,,,E,
EZE00100082,17830302,TMIN,-60,,,E,
ITE00100554,17830303,TMAX,63,,,E,
ITE00100554,17830303,TMIN,15,,,E,
GM000010962,17830303,PRCP,6,,,E,
EZE00100082,17830303,TMAX,-18,,,E,
EZE00100082,17830303,TMIN,-60,,,E,
ITE00100554,17830304,TMAX,31,,,E,
ITE00100554,17830304,TMIN,25,,,E,
GM000010962,17830304,PRCP,4,,,E,
EZE00100082,17830304,TMAX,0,,,E,
EZE00100082,17830304,TMIN,-44,,,E,
ITE00100554,17830305,TMAX,65,,,E,
ITE00100554,17830305,TMIN,19,,,E,
GM000010962,17830305,PRCP,52,,,E,
EZE00100082,17830305,TMAX,-1,,,E,
EZE00100082,17830305,TMIN,-66,,,E,
ITE00100554,17830306,TMAX,48,,,E,
ITE00100554,17830306,TMIN,40,,,E,
GM000010962,17830306,PRCP,0,,,E,
EZE00100082,17830306,TMAX,28,,,E,
EZE00100082,17830306,TMIN,-67,,,E,
ITE00100554,17830307,TMAX,103,,,E,
ITE00100554,17830307,TMIN,15,,,E,
GM000010962,17830307,PRCP,8,,,E,
EZE00100082,17830307,TMAX,77,,,E,
EZE00100082,17830307,TMIN,28,,,E,
ITE00100554,17830308,TMAX,115,,,E,
ITE00100554,17830308,TMIN,44,,,E,
GM000010962,17830308,PRCP,2,,,E,
EZE00100082,17830308,TMAX,67,,,E,
EZE00100082,17830308,TMIN,30,,,E,
ITE00100554,17830309,TMAX,128,,,E,
ITE00100554,17830309,TMIN,50,,,E,
GM000010962,17830309,PRCP,11,,,E,
EZE00100082,17830309,TMAX,78,,,E,
EZE00100082,17830309,TMIN,31,,,E,
ITE00100554,17830310,TMAX,121,,,E,
ITE00100554,17830310,TMIN,63,,,E,
GM000010962,17830310,PRCP,12,,,E,
EZE00100082,17830310,TMAX,50,,,E,
EZE00100082,17830310,TMIN,27,,,E,
ITE00100554,17830311,TMAX,69,,,E,
ITE00100554,17830311,TMIN,63,,,E,
GM000010962,17830311,PRCP,0,,,E,
EZE00100082,17830311,TMAX,77,,,E,
EZE00100082,17830311,TMIN,35,,,E,
ITE00100554,17830312,TMAX,94,,,E,
ITE00100554,17830312,TMIN,46,,,E,
GM000010962,17830312,PRCP,0,,,E,
EZE00100082,17830312,TMAX,111,,,E,
EZE00100082,17830312,TMIN,60,,,E,
ITE00100554,17830313,TMAX,88,,,E,
ITE00100554,17830313,TMIN,69,,,E,
GM000010962,17830313,PRCP,0,,,E,
EZE00100082,17830313,TMAX,95,,,E,
EZE00100082,17830313,TMIN,63,,,E,
ITE00100554,17830314,TMAX,109,,,E,
ITE00100554,17830314,TMIN,63,,,E,
GM000010962,17830314,PRCP,0,,,E,
EZE00100082,17830314,TMAX,63,,,E,
EZE00100082,17830314,TMIN,17,,,E,
ITE00100554,17830315,TMAX,106,,,E,
ITE00100554,17830315,TMIN,44,,,E,
GM000010962,17830315,PRCP,17,,,E,
EZE00100082,17830315,TMAX,45,,,E,
EZE00100082,17830315,TMIN,1,,,E,
ITE00100554,17830316,TMAX,123,,,E,
ITE00100554,17830316,TMIN,56,,,E,
GM000010962,17830316,PRCP,0,,,E,
EZE00100082,17830316,TMAX,28,,,E,
EZE00100082,17830316,TMIN,-35,,,E,
ITE00100554,17830317,TMAX,98,,,E,
ITE00100554,17830317,TMIN,48,,,E,
GM000010962,17830317,PRCP,0,,,E,
EZE00100082,17830317,TMAX,32,,,E,
EZE00100082,17830317,TMIN,-29,,,E,
ITE00100554,17830318,TMAX,140,,,E,
ITE00100554,17830318,TMIN,40,,,E,
GM000010962,17830318,PRCP,0,,,E,
EZE00100082,17830318,TMAX,51,,,E,
EZE00100082,17830318,TMIN,13,,,E,
ITE00100554,17830319,TMAX,153,,,E,
ITE00100554,17830319,TMIN,44,,,E,
GM000010962,17830319,PRCP,0,,,E,
EZE00100082,17830319,TMAX,78,,,E,
EZE00100082,17830319,TMIN,9,,,E,
ITE00100554,17830320,TMAX,138,,,E,
ITE00100554,17830320,TMIN,56,,,E,
GM000010962,17830320,PRCP,0,,,E,
EZE00100082,17830320,TMAX,25,,,E,
EZE00100082,17830320,TMIN,-30,,,E,
ITE00100554,17830321,TMAX,103,,,E,
ITE00100554,17830321,TMIN,81,,,E,
GM000010962,17830321,PRCP,0,,,E,
EZE00100082,17830321,TMAX,53,,,E,
EZE00100082,17830321,TMIN,-30,,,E,
ITE00100554,17830322,TMAX,106,,,E,
ITE00100554,17830322,TMIN,69,,,E,
GM000010962,17830322,PRCP,0,,,E,
EZE00100082,17830322,TMAX,89,,,E,
EZE00100082,17830322,TMIN,-15,,,E,
ITE00100554,17830323,TMAX,113,,,E,
ITE00100554,17830323,TMIN,75,,,E,
GM000010962,17830323,PRCP,0,,,E,
EZE00100082,17830323,TMAX,134,,,E,
EZE00100082,17830323,TMIN,3,,,E,
ITE00100554,17830324,TMAX,98,,,E,
ITE00100554,17830324,TMIN,83,,,E,
GM000010962,17830324,PRCP,5,,,E,
EZE00100082,17830324,TMAX,105,,,E,
EZE00100082,17830324,TMIN,30,,,E,
ITE00100554,17830325,TMAX,150,,,E,
ITE00100554,17830325,TMIN,78,,,E,
GM000010962,17830325,PRCP,25,,,E,
EZE00100082,17830325,TMAX,40,,,E,
EZE00100082,17830325,TMIN,-30,,,E,
ITE00100554,17830326,TMAX,144,,,E,
ITE00100554,17830326,TMIN,81,,,E,
GM000010962,17830326,PRCP,0,,,E,
EZE00100082,17830326,TMAX,97,,,E,
EZE00100082,17830326,TMIN,23,,,E,
ITE00100554,17830327,TMAX,150,,,E,
ITE00100554,17830327,TMIN,100,,,E,
GM000010962,17830327,PRCP,4,,,E,
EZE00100082,17830327,TMAX,101,,,E,
EZE00100082,17830327,TMIN,58,,,E,
ITE00100554,17830328,TMAX,113,,,E,
ITE00100554,17830328,TMIN,81,,,E,
GM000010962,17830328,PRCP,11,,,E,
EZE00100082,17830328,TMAX,91,,,E,
EZE00100082,17830328,TMIN,11,,,E,
ITE00100554,17830329,TMAX,94,,,E,
ITE00100554,17830329,TMIN,54,,I,E,
GM000010962,17830329,PRCP,9,,,E,
EZE00100082,17830329,TMAX,16,,,E,
EZE00100082,17830329,TMIN,-36,,,E,
ITE00100554,17830330,TMAX,25,,I,E,
ITE00100554,17830330,TMIN,20,,,E,
GM000010962,17830330,PRCP,17,,,E,
EZE00100082,17830330,TMAX,25,,,E,
EZE00100082,17830330,TMIN,-31,,,E,
ITE00100554,17830331,TMAX,125,,,E,
ITE00100554,17830331,TMIN,25,,,E,
GM000010962,17830331,PRCP,0,,,E,
EZE00100082,17830331,TMAX,85,,,E,
EZE00100082,17830331,TMIN,-1,,,E,
ITE00100554,17830401,TMAX,144,,,E,
ITE00100554,17830401,TMIN,56,,,E,
GM000010962,17830401,PRCP,0,,,E,
EZE00100082,17830401,TMAX,116,,,E,
EZE00100082,17830401,TMIN,50,,,E,
ITE00100554,17830402,TMAX,150,,,E,
ITE00100554,17830402,TMIN,53,,,E,
GM000010962,17830402,PRCP,0,,,E,
EZE00100082,17830402,TMAX,120,,,E,
EZE00100082,17830402,TMIN,85,,,E,
ITE00100554,17830403,TMAX,175,,,E,
ITE00100554,17830403,TMIN,75,,,E,
GM000010962,17830403,PRCP,0,,,E,
EZE00100082,17830403,TMAX,138,,,E,
EZE00100082,17830403,TMIN,88,,,E,
ITE00100554,17830404,TMAX,181,,,E,
ITE00100554,17830404,TMIN,99,,,E,
GM000010962,17830404,PRCP,0,,,E,
EZE00100082,17830404,TMAX,170,,,E,
EZE00100082,17830404,TMIN,77,,,E,
ITE00100554,17830405,TMAX,200,,,E,
ITE00100554,17830405,TMIN,103,,,E,
GM000010962,17830405,PRCP,0,,,E,
EZE00100082,17830405,TMAX,133,,,E,
EZE00100082,17830405,TMIN,38,,,E,
ITE00100554,17830406,TMAX,206,,,E,
ITE00100554,17830406,TMIN,154,,,E,
GM000010962,17830406,PRCP,0,,,E,
EZE00100082,17830406,TMAX,66,,,E,
EZE00100082,17830406,TMIN,8,,,E,
ITE00100554,17830407,TMAX,181,,,E,
ITE00100554,17830407,TMIN,115,,,E,
GM000010962,17830407,PRCP,0,,,E,
EZE00100082,17830407,TMAX,103,,,E,
EZE00100082,17830407,TMIN,26,,,E,
ITE00100554,17830408,TMAX,178,,,E,
ITE00100554,17830408,TMIN,103,,,E,
GM000010962,17830408,PRCP,0,,,E,
EZE00100082,17830408,TMAX,136,,,E,
EZE00100082,17830408,TMIN,58,,,E,
ITE00100554,17830409,TMAX,206,,,E,
ITE00100554,17830409,TMIN,116,,,E,
GM000010962,17830409,PRCP,0,,,E,
EZE00100082,17830409,TMAX,153,,,E,
EZE00100082,17830409,TMIN,50,,,E,
ITE00100554,17830410,TMAX,203,,,E,
ITE00100554,17830410,TMIN,115,,,E,
GM000010962,17830410,PRCP,0,,,E,
EZE00100082,17830410,TMAX,182,,,E,
EZE00100082,17830410,TMIN,69,,,E,
ITE00100554,17830411,TMAX,206,,,E,
ITE00100554,17830411,TMIN,140,,,E,
GM000010962,17830411,PRCP,0,,,E,
EZE00100082,17830411,TMAX,184,,,E,
EZE00100082,17830411,TMIN,74,,,E,
ITE00100554,17830412,TMAX,156,,,E,
ITE00100554,17830412,TMIN,129,,,E,
GM000010962,17830412,PRCP,0,,,E,
EZE00100082,17830412,TMAX,192,,,E,
EZE00100082,17830412,TMIN,76,,,E,
ITE00100554,17830413,TMAX,163,,,E,
ITE00100554,17830413,TMIN,119,,,E,
GM000010962,17830413,PRCP,17,,,E,
EZE00100082,17830413,TMAX,140,,,E,
EZE00100082,17830413,TMIN,60,,,E,
ITE00100554,17830414,TMAX,181,,,E,
ITE00100554,17830414,TMIN,125,,,E,
GM000010962,17830414,PRCP,0,,,E,
EZE00100082,17830414,TMAX,142,,,E,
EZE00100082,17830414,TMIN,60,,,E,
ITE00100554,17830415,TMAX,204,,,E,
ITE00100554,17830415,TMIN,106,,,E,
GM000010962,17830415,PRCP,0,,,E,
EZE00100082,17830415,TMAX,168,,,E,
EZE00100082,17830415,TMIN,62,,,E,
ITE00100554,17830416,TMAX,181,,,E,
ITE00100554,17830416,TMIN,106,,,E,
GM000010962,17830416,PRCP,26,,,E,
EZE00100082,17830416,TMAX,121,,,E,
EZE00100082,17830416,TMIN,52,,,E,
ITE00100554,17830417,TMAX,188,,,E,
ITE00100554,17830417,TMIN,125,,,E,
GM000010962,17830417,PRCP,0,,,E,
EZE00100082,17830417,TMAX,75,,,E,
EZE00100082,17830417,TMIN,40,,,E,
ITE00100554,17830418,TMAX,181,,,E,
ITE00100554,17830418,TMIN,100,,,E,
GM000010962,17830418,PRCP,0,,,E,
EZE00100082,17830418,TMAX,102,,,E,
EZE00100082,17830418,TMIN,70,,,E,
ITE00100554,17830419,TMAX,213,,,E,
ITE00100554,17830419,TMIN,110,,,E,
GM000010962,17830419,PRCP,5,,,E,
EZE00100082,17830419,TMAX,126,,,E,
EZE00100082,17830419,TMIN,64,,,E,
ITE00100554,17830420,TMAX,213,,,E,
ITE00100554,17830420,TMIN,134,,,E,
GM000010962,17830420,PRCP,0,,,E,
EZE00100082,17830420,TMAX,165,,,E,
EZE00100082,17830420,TMIN,57,,,E,
ITE00100554,17830421,TMAX,190,,,E,
ITE00100554,17830421,TMIN,140,,,E,
GM000010962,17830421,PRCP,102,,,E,
EZE00100082,17830421,TMAX,122,,,E,
EZE00100082,17830421,TMIN,66,,,E,
ITE00100554,17830422,TMAX,150,,,E,
ITE00100554,17830422,TMIN,115,,,E,
GM000010962,17830422,PRCP,60,,,E,
EZE00100082,17830422,TMAX,104,,,E,
EZE00100082,17830422,TMIN,57,,,E,
ITE00100554,17830423,TMAX,150,,,E,
ITE00100554,17830423,TMIN,94,,,E,
GM000010962,17830423,PRCP,17,,,E,
EZE00100082,17830423,TMAX,67,,,E,
EZE00100082,17830423,TMIN,38,,,E,
ITE00100554,17830424,TMAX,153,,,E,
ITE00100554,17830424,TMIN,81,,,E,
GM000010962,17830424,PRCP,2,,,E,
EZE00100082,17830424,TMAX,93,,,E,
EZE00100082,17830424,TMIN,47,,,E,
ITE00100554,17830425,TMAX,165,,,E,
ITE00100554,17830425,TMIN,75,,,E,
GM000010962,17830425,PRCP,0,,,E,
EZE00100082,17830425,TMAX,130,,,E,
EZE00100082,17830425,TMIN,74,,,E,
ITE00100554,17830426,TMAX,203,,,E,
ITE00100554,17830426,TMIN,90,,,E,
GM000010962,17830426,PRCP,0,,,E,
EZE00100082,17830426,TMAX,99,,,E,
EZE00100082,17830426,TMIN,63,,,E,
ITE00100554,17830427,TMAX,189,,,E,
ITE00100554,17830427,TMIN,138,,,E,
GM000010962,17830427,PRCP,2,,,E,
EZE00100082,17830427,TMAX,102,,,E,
EZE00100082,17830427,TMIN,43,,,E,
ITE00100554,17830428,TMAX,153,,,E,
ITE00100554,17830428,TMIN,115,,,E,
GM000010962,17830428,PRCP,0,,,E,
EZE00100082,17830428,TMAX,127,,,E,
EZE00100082,17830428,TMIN,44,,,E,
ITE00100554,17830429,TMAX,163,,,E,
ITE00100554,17830429,TMIN,115,,,E,
GM000010962,17830429,PRCP,0,,,E,
EZE00100082,17830429,TMAX,163,,,E,
EZE00100082,17830429,TMIN,76,,,E,
ITE00100554,17830430,TMAX,165,,,E,
ITE00100554,17830430,TMIN,119,,,E,
GM000010962,17830430,PRCP,0,,,E,
EZE00100082,17830430,TMAX,192,,,E,
EZE00100082,17830430,TMIN,87,,,E,
ITE00100554,17830501,TMAX,175,,,E,
ITE00100554,17830501,TMIN,123,,,E,
GM000010962,17830501,PRCP,0,,,E,
EZE00100082,17830501,TMAX,206,,,E,
EZE00100082,17830501,TMIN,120,,,E,
ITE00100554,17830502,TMAX,210,,,E,
ITE00100554,17830502,TMIN,119,,,E,
GM000010962,17830502,PRCP,0,,,E,
EZE00100082,17830502,TMAX,195,,,E,
EZE00100082,17830502,TMIN,133,,,E,
ITE00100554,17830503,TMAX,203,,,E,
ITE00100554,17830503,TMIN,140,,,E,
GM000010962,17830503,PRCP,26,,,E,
EZE00100082,17830503,TMAX,133,,,E,
EZE00100082,17830503,TMIN,50,,,E,
ITE00100554,17830504,TMAX,200,,,E,
ITE00100554,17830504,TMIN,128,,,E,
GM000010962,17830504,PRCP,5,,,E,
EZE00100082,17830504,TMAX,104,,,E,
EZE00100082,17830504,TMIN,19,,,E,
ITE00100554,17830505,TMAX,208,,,E,
ITE00100554,17830505,TMIN,138,,,E,
GM000010962,17830505,PRCP,25,,,E,
EZE00100082,17830505,TMAX,156,,,E,
EZE00100082,17830505,TMIN,60,,,E,
ITE00100554,17830506,TMAX,200,,,E,
ITE00100554,17830506,TMIN,149,,,E,
GM000010962,17830506,PRCP,0,,,E,
EZE00100082,17830506,TMAX,205,,,E,
EZE00100082,17830506,TMIN,86,,,E,
ITE00100554,17830507,TMAX,181,,,E,
ITE00100554,17830507,TMIN,158,,,E,
GM000010962,17830507,PRCP,37,,,E,
EZE00100082,17830507,TMAX,185,,,E,
EZE00100082,17830507,TMIN,115,,,E,
ITE00100554,17830508,TMAX,179,,,E,
ITE00100554,17830508,TMIN,153,,,E,
GM000010962,17830508,PRCP,0,,,E,
EZE00100082,17830508,TMAX,130,,,E,
EZE00100082,17830508,TMIN,73,,,E,
ITE00100554,17830509,TMAX,184,,,E,
ITE00100554,17830509,TMIN,140,,,E,
GM000010962,17830509,PRCP,5,,,E,
EZE00100082,17830509,TMAX,90,,,E,
EZE00100082,17830509,TMIN,73,,,E,
ITE00100554,17830510,TMAX,206,,,E,
ITE00100554,17830510,TMIN,141,,,E,
GM000010962,17830510,PRCP,6,,,E,
EZE00100082,17830510,TMAX,135,,,E,
EZE00100082,17830510,TMIN,69,,,E,
ITE00100554,17830511,TMAX,220,,,E,
ITE00100554,17830511,TMIN,153,,,E,
GM000010962,17830511,PRCP,0,,,E,
EZE00100082,17830511,TMAX,157,,,E,
EZE00100082,17830511,TMIN,86,,,E,
ITE00100554,17830512,TMAX,233,,,E,
ITE00100554,17830512,TMIN,156,,,E,
GM000010962,17830512,PRCP,0,,,E,
EZE00100082,17830512,TMAX,226,,,E,
EZE00100082,17830512,TMIN,90,,,E,
ITE00100554,17830513,TMAX,246,,,E,
ITE00100554,17830513,TMIN,181,,,E,
GM000010962,17830513,PRCP,0,,,E,
EZE00100082,17830513,TMAX,223,,,E,
EZE00100082,17830513,TMIN,139,,,E,
ITE00100554,17830514,TMAX,265,,,E,
ITE00100554,17830514,TMIN,183,,,E,
GM000010962,17830514,PRCP,0,,,E,
EZE00100082,17830514,TMAX,239,,,E,
EZE00100082,17830514,TMIN,140,,,E,
ITE00100554,17830515,TMAX,215,,,E,
ITE00100554,17830515,TMIN,200,,,E,
GM000010962,17830515,PRCP,14,,,E,
EZE00100082,17830515,TMAX,233,,,E,
EZE00100082,17830515,TMIN,157,,,E,
ITE00100554,17830516,TMAX,208,,,E,
ITE00100554,17830516,TMIN,178,,,E,
GM000010962,17830516,PRCP,59,,,E,
EZE00100082,17830516,TMAX,201,,,E,
EZE00100082,17830516,TMIN,148,,,E,
ITE00100554,17830517,TMAX,200,,,E,
ITE00100554,17830517,TMIN,188,,,E,
GM000010962,17830517,PRCP,22,,,E,
EZE00100082,17830517,TMAX,202,,,E,
EZE00100082,17830517,TMIN,133,,,E,
ITE00100554,17830518,TMAX,231,,,E,
ITE00100554,17830518,TMIN,160,,,E,
GM000010962,17830518,PRCP,0,,,E,
EZE00100082,17830518,TMAX,212,,,E,
EZE00100082,17830518,TMIN,146,,,E,
ITE00100554,17830519,TMAX,203,,,E,
ITE00100554,17830519,TMIN,179,,,E,
GM000010962,17830519,PRCP,0,,,E,
EZE00100082,17830519,TMAX,226,,,E,
EZE00100082,17830519,TMIN,175,,,E,
ITE00100554,17830520,TMAX,210,,,E,
ITE00100554,17830520,TMIN,178,,,E,
GM000010962,17830520,PRCP,0,,,E,
EZE00100082,17830520,TMAX,192,,,E,
EZE00100082,17830520,TMIN,124,,,E,
ITE00100554,17830521,TMAX,200,,,E,
ITE00100554,17830521,TMIN,178,,,E,
GM000010962,17830521,PRCP,0,,,E,
EZE00100082,17830521,TMAX,155,,,E,
EZE00100082,17830521,TMIN,93,,,E,
ITE00100554,17830522,TMAX,200,,,E,
ITE00100554,17830522,TMIN,185,,,E,
GM000010962,17830522,PRCP,0,,,E,
EZE00100082,17830522,TMAX,171,,,E,
EZE00100082,17830522,TMIN,92,,,E,
ITE00100554,17830523,TMAX,200,,,E,
ITE00100554,17830523,TMIN,173,,,E,
GM000010962,17830523,PRCP,0,,,E,
EZE00100082,17830523,TMAX,192,,,E,
EZE00100082,17830523,TMIN,118,,,E,
ITE00100554,17830524,TMAX,210,,,E,
ITE00100554,17830524,TMIN,150,,,E,
GM000010962,17830524,PRCP,9,,,E,
EZE00100082,17830524,TMAX,237,,,E,
EZE00100082,17830524,TMIN,149,,,E,
ITE00100554,17830525,TMAX,203,,,E,
ITE00100554,17830525,TMIN,169,,,E,
GM000010962,17830525,PRCP,23,,,E,
EZE00100082,17830525,TMAX,202,,,E,
EZE00100082,17830525,TMIN,165,,,E,
ITE00100554,17830526,TMAX,206,,,E,
ITE00100554,17830526,TMIN,178,,I,E,
GM000010962,17830526,PRCP,0,,,E,
EZE00100082,17830526,TMAX,242,,,E,
EZE00100082,17830526,TMIN,153,,,E,
ITE00100554,17830527,TMAX,165,,I,E,
ITE00100554,17830527,TMIN,148,,,E,
GM000010962,17830527,PRCP,0,,,E,
EZE00100082,17830527,TMAX,252,,,E,
EZE00100082,17830527,TMIN,168,,,E,
ITE00100554,17830528,TMAX,165,,,E,
ITE00100554,17830528,TMIN,148,,,E,
GM000010962,17830528,PRCP,110,,,E,
EZE00100082,17830528,TMAX,236,,,E,
EZE00100082,17830528,TMIN,164,,,E,
ITE00100554,17830529,TMAX,188,,,E,
ITE00100554,17830529,TMIN,148,,,E,
GM000010962,17830529,PRCP,0,,,E,
EZE00100082,17830529,TMAX,193,,,E,
EZE00100082,17830529,TMIN,150,,,E,
ITE00100554,17830530,TMAX,163,,,E,
ITE00100554,17830530,TMIN,154,,,E,
GM000010962,17830530,PRCP,0,,,E,
EZE00100082,17830530,TMAX,201,,,E,
EZE00100082,17830530,TMIN,142,,,E,
ITE00100554,17830531,TMAX,185,,,E,
ITE00100554,17830531,TMIN,150,,,E,
GM000010962,17830531,PRCP,290,,,E,
EZE00100082,17830531,TMAX,165,,,E,
EZE00100082,17830531,TMIN,129,,,E,
ITE00100554,17830601,TMAX,203,,,E,
ITE00100554,17830601,TMIN,156,,,E,
GM000010962,17830601,PRCP,82,,,E,
EZE00100082,17830601,TMAX,156,,,E,
EZE00100082,17830601,TMIN,127,,,E,
ITE00100554,17830602,TMAX,234,,,E,
ITE00100554,17830602,TMIN,160,,,E,
GM000010962,17830602,PRCP,0,,,E,
EZE00100082,17830602,TMAX,171,,,E,
EZE00100082,17830602,TMIN,115,,,E,
ITE00100554,17830603,TMAX,240,,,E,
ITE00100554,17830603,TMIN,169,,,E,
GM000010962,17830603,PRCP,0,,,E,
EZE00100082,17830603,TMAX,202,,,E,
EZE00100082,17830603,TMIN,122,,,E,
ITE00100554,17830604,TMAX,209,,,E,
ITE00100554,17830604,TMIN,169,,,E,
GM000010962,17830604,PRCP,1,,,E,
EZE00100082,17830604,TMAX,241,,,E,
EZE00100082,17830604,TMIN,149,,,E,
ITE00100554,17830605,TMAX,231,,,E,
ITE00100554,17830605,TMIN,166,,,E,
GM000010962,17830605,PRCP,32,,,E,
EZE00100082,17830605,TMAX,259,,,E,
EZE00100082,17830605,TMIN,174,,,E,
ITE00100554,17830606,TMAX,240,,,E,
ITE00100554,17830606,TMIN,188,,,E,
GM000010962,17830606,PRCP,79,,,E,
EZE00100082,17830606,TMAX,227,,,E,
EZE00100082,17830606,TMIN,163,,,E,
ITE00100554,17830607,TMAX,219,,,E,
ITE00100554,17830607,TMIN,185,,,E,
GM000010962,17830607,PRCP,35,,,E,
EZE00100082,17830607,TMAX,210,,,E,
EZE00100082,17830607,TMIN,146,,,E,
ITE00100554,17830608,TMAX,240,,,E,
ITE00100554,17830608,TMIN,171,,,E,
GM000010962,17830608,PRCP,98,,,E,
EZE00100082,17830608,TMAX,210,,,E,
EZE00100082,17830608,TMIN,146,,,E,
ITE00100554,17830609,TMAX,250,,,E,
ITE00100554,17830609,TMIN,190,,,E,
GM000010962,17830609,PRCP,20,,,E,
EZE00100082,17830609,TMAX,207,,,E,
EZE00100082,17830609,TMIN,137,,,E,
ITE00100554,17830610,TMAX,204,,,E,
ITE00100554,17830610,TMIN,191,,,E,
GM000010962,17830610,PRCP,210,,,E,
EZE00100082,17830610,TMAX,204,,,E,
EZE00100082,17830610,TMIN,155,,,E,
ITE00100554,17830611,TMAX,225,,,E,
ITE00100554,17830611,TMIN,191,,,E,
GM000010962,17830611,PRCP,13,,,E,
EZE00100082,17830611,TMAX,239,,,E,
EZE00100082,17830611,TMIN,144,,,E,
ITE00100554,17830612,TMAX,244,,,E,
ITE00100554,17830612,TMIN,178,,,E,
GM000010962,17830612,PRCP,36,,,E,
EZE00100082,17830612,TMAX,240,,,E,
EZE00100082,17830612,TMIN,150,,,E,
ITE00100554,17830613,TMAX,250,,,E,
ITE00100554,17830613,TMIN,206,,,E,
GM000010962,17830613,PRCP,17,,,E,
EZE00100082,17830613,TMAX,247,,,E,
EZE00100082,17830613,TMIN,153,,,E,
ITE00100554,17830614,TMAX,235,,,E,
ITE00100554,17830614,TMIN,178,,,E,
GM000010962,17830614,PRCP,10,,,E,
EZE00100082,17830614,TMAX,277,,,E,
EZE00100082,17830614,TMIN,173,,,E,
ITE00100554,17830615,TMAX,235,,,E,
ITE00100554,17830615,TMIN,179,,,E,
GM000010962,17830615,PRCP,0,,,E,
EZE00100082,17830615,TMAX,275,,,E,
EZE00100082,17830615,TMIN,177,,,E,
ITE00100554,17830616,TMAX,204,,,E,
ITE00100554,17830616,TMIN,175,,,E,
GM000010962,17830616,PRCP,67,,,E,
EZE00100082,17830616,TMAX,212,,,E,
EZE00100082,17830616,TMIN,151,,,E,
ITE00100554,17830617,TMAX,203,,,E,
ITE00100554,17830617,TMIN,160,,,E,
GM000010962,17830617,PRCP,0,,,E,
EZE00100082,17830617,TMAX,190,,,E,
EZE00100082,17830617,TMIN,143,,,E,
ITE00100554,17830618,TMAX,231,,,E,
ITE00100554,17830618,TMIN,163,,,E,
GM000010962,17830618,PRCP,20,,,E,
EZE00100082,17830618,TMAX,195,,,E,
EZE00100082,17830618,TMIN,130,,,E,
ITE00100554,17830619,TMAX,190,,,E,
ITE00100554,17830619,TMIN,181,,,E,
GM000010962,17830619,PRCP,12,,,E,
EZE00100082,17830619,TMAX,244,,,E,
EZE00100082,17830619,TMIN,146,,,E,
ITE00100554,17830620,TMAX,206,,,E,
ITE00100554,17830620,TMIN,175,,,E,
GM000010962,17830620,PRCP,49,,,E,
EZE00100082,17830620,TMAX,221,,,E,
EZE00100082,17830620,TMIN,150,,,E,
ITE00100554,17830621,TMAX,181,,,E,
ITE00100554,17830621,TMIN,181,,,E,
GM000010962,17830621,PRCP,73,,,E,
EZE00100082,17830621,TMAX,244,,,E,
EZE00100082,17830621,TMIN,150,,,E,
ITE00100554,17830622,TMAX,203,,,E,
ITE00100554,17830622,TMIN,165,,,E,
GM000010962,17830622,PRCP,319,,,E,
EZE00100082,17830622,TMAX,204,,,E,
EZE00100082,17830622,TMIN,140,,,E,
ITE00100554,17830623,TMAX,244,,,E,
ITE00100554,17830623,TMIN,178,,,E,
GM000010962,17830623,PRCP,2,,,E,
EZE00100082,17830623,TMAX,211,,,E,
EZE00100082,17830623,TMIN,135,,,E,
ITE00100554,17830624,TMAX,259,,,E,
ITE00100554,17830624,TMIN,204,,,E,
GM000010962,17830624,PRCP,0,,,E,
EZE00100082,17830624,TMAX,216,,,E,
EZE00100082,17830624,TMIN,149,,,E,
ITE00100554,17830625,TMAX,260,,,E,
ITE00100554,17830625,TMIN,203,,,E,
GM000010962,17830625,PRCP,0,,,E,
EZE00100082,17830625,TMAX,225,,,E,
EZE00100082,17830625,TMIN,146,,,E,
ITE00100554,17830626,TMAX,259,,,E,
ITE00100554,17830626,TMIN,201,,,E,
GM000010962,17830626,PRCP,0,,,E,
EZE00100082,17830626,TMAX,253,,,E,
EZE00100082,17830626,TMIN,164,,,E,
ITE00100554,17830627,TMAX,265,,,E,
ITE00100554,17830627,TMIN,203,,,E,
GM000010962,17830627,PRCP,0,,,E,
EZE00100082,17830627,TMAX,274,,,E,
EZE00100082,17830627,TMIN,173,,,E,
ITE00100554,17830628,TMAX,250,,,E,
ITE00100554,17830628,TMIN,200,,,E,
GM000010962,17830628,PRCP,53,,,E,
EZE00100082,17830628,TMAX,265,,,E,
EZE00100082,17830628,TMIN,176,,,E,
ITE00100554,17830629,TMAX,263,,,E,
ITE00100554,17830629,TMIN,195,,,E,
GM000010962,17830629,PRCP,49,,,E,
EZE00100082,17830629,TMAX,251,,,E,
EZE00100082,17830629,TMIN,162,,,E,
ITE00100554,17830630,TMAX,275,,,E,
ITE00100554,17830630,TMIN,204,,,E,
GM000010962,17830630,PRCP,41,,,E,
EZE00100082,17830630,TMAX,237,,,E,
EZE00100082,17830630,TMIN,157,,,E,
ITE00100554,17830701,TMAX,279,,,E,
ITE00100554,17830701,TMIN,216,,,E,
GM000010962,17830701,PRCP,0,,,E,
EZE00100082,17830701,TMAX,245,,,E,
EZE00100082,17830701,TMIN,166,,,E,
ITE00100554,17830702,TMAX,295,,,E,
ITE00100554,17830702,TMIN,238,,,E,
GM000010962,17830702,PRCP,0,,,E,
EZE00100082,17830702,TMAX,276,,,E,
EZE00100082,17830702,TMIN,192,,,E,
ITE00100554,17830703,TMAX,298,,,E,
ITE00100554,17830703,TMIN,238,,,E,
GM000010962,17830703,PRCP,0,,,E,
EZE00100082,17830703,TMAX,263,,,E,
EZE00100082,17830703,TMIN,181,,,E,
ITE00100554,17830704,TMAX,290,,,E,
ITE00100554,17830704,TMIN,229,,,E,
GM000010962,17830704,PRCP,126,,,E,
EZE00100082,17830704,TMAX,286,,,E,
EZE00100082,17830704,TMIN,171,,,E,
ITE00100554,17830705,TMAX,304,,,E,
ITE00100554,17830705,TMIN,238,,,E,
GM000010962,17830705,PRCP,80,,,E,
EZE00100082,17830705,TMAX,178,,,E,
EZE00100082,17830705,TMIN,136,,,E,
ITE00100554,17830706,TMAX,298,,,E,
ITE00100554,17830706,TMIN,244,,,E,
GM000010962,17830706,PRCP,0,,,E,
EZE00100082,17830706,TMAX,212,,,E,
EZE00100082,17830706,TMIN,160,,,E,
ITE00100554,17830707,TMAX,301,,,E,
ITE00100554,17830707,TMIN,244,,,E,
GM000010962,17830707,PRCP,9,,,E,
EZE00100082,17830707,TMAX,211,,,E,
EZE00100082,17830707,TMIN,163,,,E,
ITE00100554,17830708,TMAX,288,,,E,
ITE00100554,17830708,TMIN,239,,,E,
GM000010962,17830708,PRCP,7,,,E,
EZE00100082,17830708,TMAX,193,,,E,
EZE00100082,17830708,TMIN,133,,,E,
ITE00100554,17830709,TMAX,288,,,E,
ITE00100554,17830709,TMIN,253,,,E,
GM000010962,17830709,PRCP,0,,,E,
EZE00100082,17830709,TMAX,220,,,E,
EZE00100082,17830709,TMIN,119,,,E,
ITE00100554,17830710,TMAX,278,,,E,
ITE00100554,17830710,TMIN,248,,,E,
GM000010962,17830710,PRCP,0,,,E,
EZE00100082,17830710,TMAX,221,,,E,
EZE00100082,17830710,TMIN,131,,,E,
ITE00100554,17830711,TMAX,269,,,E,
ITE00100554,17830711,TMIN,231,,,E,
GM000010962,17830711,PRCP,0,,,E,
EZE00100082,17830711,TMAX,251,,,E,
EZE00100082,17830711,TMIN,160,,,E,
ITE00100554,17830712,TMAX,263,,,E,
ITE00100554,17830712,TMIN,219,,,E,
GM000010962,17830712,PRCP,0,,,E,
EZE00100082,17830712,TMAX,230,,,E,
EZE00100082,17830712,TMIN,155,,,E,
ITE00100554,17830713,TMAX,281,,,E,
ITE00100554,17830713,TMIN,215,,,E,
GM000010962,17830713,PRCP,0,,,E,
EZE00100082,17830713,TMAX,175,,,E,
EZE00100082,17830713,TMIN,141,,,E,
ITE00100554,17830714,TMAX,240,,,E,
ITE00100554,17830714,TMIN,196,,,E,
GM000010962,17830714,PRCP,0,,,E,
EZE00100082,17830714,TMAX,232,,,E,
EZE00100082,17830714,TMIN,143,,,E,
ITE00100554,17830715,TMAX,278,,,E,
ITE00100554,17830715,TMIN,210,,,E,
GM000010962,17830715,PRCP,0,,,E,
EZE00100082,17830715,TMAX,240,,,E,
EZE00100082,17830715,TMIN,167,,,E,
ITE00100554,17830716,TMAX,281,,,E,
ITE00100554,17830716,TMIN,225,,,E,
GM000010962,17830716,PRCP,81,,,E,
EZE00100082,17830716,TMAX,254,,,E,
EZE00100082,17830716,TMIN,157,,,E,
ITE00100554,17830717,TMAX,269,,,E,
ITE00100554,17830717,TMIN,206,,,E,
GM000010962,17830717,PRCP,2,,,E,
EZE00100082,17830717,TMAX,267,,,E,
EZE00100082,17830717,TMIN,187,,,E,
ITE00100554,17830718,TMAX,281,,,E,
ITE00100554,17830718,TMIN,228,,,E,
GM000010962,17830718,PRCP,66,,,E,
EZE00100082,17830718,TMAX,243,,,E,
EZE00100082,17830718,TMIN,184,,,E,
ITE00100554,17830719,TMAX,281,,,E,
ITE00100554,17830719,TMIN,225,,,E,
GM000010962,17830719,PRCP,0,,,E,
EZE00100082,17830719,TMAX,251,,,E,
EZE00100082,17830719,TMIN,167,,,E,
ITE00100554,17830720,TMAX,281,,,E,
ITE00100554,17830720,TMIN,225,,,E,
GM000010962,17830720,PRCP,0,,,E,
EZE00100082,17830720,TMAX,252,,,E,
EZE00100082,17830720,TMIN,164,,,E,
ITE00100554,17830721,TMAX,288,,,E,
ITE00100554,17830721,TMIN,238,,,E,
GM000010962,17830721,PRCP,0,,,E,
EZE00100082,17830721,TMAX,256,,,E,
EZE00100082,17830721,TMIN,187,,,E,
ITE00100554,17830722,TMAX,244,,,E,
ITE00100554,17830722,TMIN,225,,,E,
GM000010962,17830722,PRCP,18,,,E,
EZE00100082,17830722,TMAX,278,,,E,
EZE00100082,17830722,TMIN,200,,,E,
ITE00100554,17830723,TMAX,253,,,E,
ITE00100554,17830723,TMIN,198,,,E,
GM000010962,17830723,PRCP,4,,,E,
EZE00100082,17830723,TMAX,227,,,E,
EZE00100082,17830723,TMIN,193,,,E,
ITE00100554,17830724,TMAX,271,,,E,
ITE00100554,17830724,TMIN,204,,,E,
GM000010962,17830724,PRCP,89,,,E,
EZE00100082,17830724,TMAX,229,,,E,
EZE00100082,17830724,TMIN,140,,,E,
ITE00100554,17830725,TMAX,285,,,E,
ITE00100554,17830725,TMIN,271,,,E,
GM000010962,17830725,PRCP,141,,,E,
EZE00100082,17830725,TMAX,180,,,E,
EZE00100082,17830725,TMIN,136,,,E,
ITE00100554,17830726,TMAX,275,,,E,
ITE00100554,17830726,TMIN,225,,,E,
GM000010962,17830726,PRCP,207,,,E,
EZE00100082,17830726,TMAX,243,,,E,
EZE00100082,17830726,TMIN,162,,,E,
ITE00100554,17830727,TMAX,281,,,E,
ITE00100554,17830727,TMIN,210,,,E,
GM000010962,17830727,PRCP,7,,,E,
EZE00100082,17830727,TMAX,252,,,E,
EZE00100082,17830727,TMIN,175,,,E,
ITE00100554,17830728,TMAX,265,,,E,
ITE00100554,17830728,TMIN,225,,,E,
GM000010962,17830728,PRCP,0,,,E,
EZE00100082,17830728,TMAX,276,,,E,
EZE00100082,17830728,TMIN,187,,,E,
ITE00100554,17830729,TMAX,265,,,E,
ITE00100554,17830729,TMIN,215,,,E,
GM000010962,17830729,PRCP,0,,,E,
EZE00100082,17830729,TMAX,274,,,E,
EZE00100082,17830729,TMIN,182,,,E,
ITE00100554,17830730,TMAX,275,,,E,
ITE00100554,17830730,TMIN,206,,,E,
GM000010962,17830730,PRCP,9,,,E,
EZE00100082,17830730,TMAX,288,,,E,
EZE00100082,17830730,TMIN,190,,,E,
ITE00100554,17830731,TMAX,298,,,E,
ITE00100554,17830731,TMIN,228,,,E,
GM000010962,17830731,PRCP,24,,,E,
EZE00100082,17830731,TMAX,280,,,E,
EZE00100082,17830731,TMIN,208,,,E,
ITE00100554,17830801,TMAX,309,,,E,
ITE00100554,17830801,TMIN,238,,,E,
GM000010962,17830801,PRCP,0,,,E,
EZE00100082,17830801,TMAX,265,,,E,
EZE00100082,17830801,TMIN,196,,,E,
ITE00100554,17830802,TMAX,316,,,E,
ITE00100554,17830802,TMIN,250,,,E,
GM000010962,17830802,PRCP,0,,,E,
EZE00100082,17830802,TMAX,276,,,E,
EZE00100082,17830802,TMIN,187,,,E,
ITE00100554,17830803,TMAX,303,,,E,
ITE00100554,17830803,TMIN,253,,,E,
GM000010962,17830803,PRCP,0,,,E,
EZE00100082,17830803,TMAX,303,,,E,
EZE00100082,17830803,TMIN,204,,,E,
ITE00100554,17830804,TMAX,276,,,E,
ITE00100554,17830804,TMIN,240,,,E,
GM000010962,17830804,PRCP,20,,,E,
EZE00100082,17830804,TMAX,325,,,E,
EZE00100082,17830804,TMIN,218,,,E,
ITE00100554,17830805,TMAX,281,,,E,
ITE00100554,17830805,TMIN,229,,,E,
GM000010962,17830805,PRCP,138,,,E,
EZE00100082,17830805,TMAX,231,,,E,
EZE00100082,17830805,TMIN,172,,,E,
ITE00100554,17830806,TMAX,291,,,E,
ITE00100554,17830806,TMIN,223,,,E,
GM000010962,17830806,PRCP,0,,,E,
EZE00100082,17830806,TMAX,242,,,E,
EZE00100082,17830806,TMIN,189,,,E,
ITE00100554,17830807,TMAX,298,,,E,
ITE00100554,17830807,TMIN,231,,,E,
GM000010962,17830807,PRCP,10,,,E,
EZE00100082,17830807,TMAX,270,,,E,
EZE00100082,17830807,TMIN,188,,,E,
ITE00100554,17830808,TMAX,281,,,E,
ITE00100554,17830808,TMIN,225,,,E,
GM000010962,17830808,PRCP,2,,,E,
EZE00100082,17830808,TMAX,231,,,E,
EZE00100082,17830808,TMIN,173,,,E,
ITE00100554,17830809,TMAX,275,,,E,
ITE00100554,17830809,TMIN,203,,,E,
GM000010962,17830809,PRCP,5,,,E,
EZE00100082,17830809,TMAX,232,,,E,
EZE00100082,17830809,TMIN,160,,,E,
ITE00100554,17830810,TMAX,279,,,E,
ITE00100554,17830810,TMIN,206,,,E,
GM000010962,17830810,PRCP,0,,,E,
EZE00100082,17830810,TMAX,251,,,E,
EZE00100082,17830810,TMIN,187,,,E,
ITE00100554,17830811,TMAX,295,,,E,
ITE00100554,17830811,TMIN,215,,I,E,
GM000010962,17830811,PRCP,0,,,E,
EZE00100082,17830811,TMAX,282,,,E,
EZE00100082,17830811,TMIN,185,,,E,
ITE00100554,17830812,TMAX,196,,I,E,
ITE00100554,17830812,TMIN,170,,,E,
GM000010962,17830812,PRCP,250,,,E,
EZE00100082,17830812,TMAX,232,,,E,
EZE00100082,17830812,TMIN,119,,,E,
ITE00100554,17830813,TMAX,178,,,E,
ITE00100554,17830813,TMIN,134,,,E,
GM000010962,17830813,PRCP,53,,,E,
EZE00100082,17830813,TMAX,155,,,E,
EZE00100082,17830813,TMIN,110,,,E,
ITE00100554,17830814,TMAX,200,,,E,
ITE00100554,17830814,TMIN,153,,,E,
GM000010962,17830814,PRCP,43,,,E,
EZE00100082,17830814,TMAX,181,,,E,
EZE00100082,17830814,TMIN,120,,,E,
ITE00100554,17830815,TMAX,210,,,E,
ITE00100554,17830815,TMIN,138,,,E,
GM000010962,17830815,PRCP,215,,,E,
EZE00100082,17830815,TMAX,190,,,E,
EZE00100082,17830815,TMIN,142,,,E,
ITE00100554,17830816,TMAX,223,,,E,
ITE00100554,17830816,TMIN,150,,,E,
GM000010962,17830816,PRCP,26,,,E,
EZE00100082,17830816,TMAX,191,,,E,
EZE00100082,17830816,TMIN,140,,,E,
ITE00100554,17830817,TMAX,221,,,E,
ITE00100554,17830817,TMIN,148,,,E,
GM000010962,17830817,PRCP,55,,,E,
EZE00100082,17830817,TMAX,202,,,E,
EZE00100082,17830817,TMIN,120,,,E,
ITE00100554,17830818,TMAX,238,,,E,
ITE00100554,17830818,TMIN,171,,,E,
GM000010962,17830818,PRCP,43,,,E,
EZE00100082,17830818,TMAX,226,,,E,
EZE00100082,17830818,TMIN,135,,,E,
ITE00100554,17830819,TMAX,256,,,E,
ITE00100554,17830819,TMIN,179,,,E,
GM000010962,17830819,PRCP,14,,,E,
EZE00100082,17830819,TMAX,175,,,E,
EZE00100082,17830819,TMIN,154,,,E,
ITE00100554,17830820,TMAX,253,,,E,
ITE00100554,17830820,TMIN,221,,,E,
GM000010962,17830820,PRCP,0,,,E,
EZE00100082,17830820,TMAX,213,,,E,
EZE00100082,17830820,TMIN,162,,,E,
ITE00100554,17830821,TMAX,240,,,E,
ITE00100554,17830821,TMIN,185,,,E,
GM000010962,17830821,PRCP,0,,,E,
EZE00100082,17830821,TMAX,213,,,E,
EZE00100082,17830821,TMIN,158,,,E,
ITE00100554,17830822,TMAX,235,,,E,
ITE00100554,17830822,TMIN,188,,,E,
GM000010962,17830822,PRCP,5,,,E,
EZE00100082,17830822,TMAX,226,,,E,
EZE00100082,17830822,TMIN,154,,,E,
ITE00100554,17830823,TMAX,250,,,E,
ITE00100554,17830823,TMIN,179,,,E,
GM000010962,17830823,PRCP,0,,,E,
EZE00100082,17830823,TMAX,255,,,E,
EZE00100082,17830823,TMIN,158,,,E,
ITE00100554,17830824,TMAX,253,,,E,
ITE00100554,17830824,TMIN,188,,,E,
GM000010962,17830824,PRCP,0,,,E,
EZE00100082,17830824,TMAX,275,,,E,
EZE00100082,17830824,TMIN,170,,,E,
ITE00100554,17830825,TMAX,248,,,E,
ITE00100554,17830825,TMIN,208,,,E,
GM000010962,17830825,PRCP,74,,,E,
EZE00100082,17830825,TMAX,301,,,E,
EZE00100082,17830825,TMIN,185,,,E,
ITE00100554,17830826,TMAX,256,,,E,
ITE00100554,17830826,TMIN,209,,,E,
GM000010962,17830826,PRCP,89,,,E,
EZE00100082,17830826,TMAX,214,,,E,
EZE00100082,17830826,TMIN,164,,,E,
ITE00100554,17830827,TMAX,231,,,E,
ITE00100554,17830827,TMIN,200,,,E,
GM000010962,17830827,PRCP,126,,,E,
EZE00100082,17830827,TMAX,231,,,E,
EZE00100082,17830827,TMIN,168,,,E,
ITE00100554,17830828,TMAX,253,,,E,
ITE00100554,17830828,TMIN,188,,,E,
GM000010962,17830828,PRCP,2,,,E,
EZE00100082,17830828,TMAX,232,,,E,
EZE00100082,17830828,TMIN,169,,,E,
ITE00100554,17830829,TMAX,250,,,E,
ITE00100554,17830829,TMIN,206,,,E,
GM000010962,17830829,PRCP,0,,,E,
EZE00100082,17830829,TMAX,242,,,E,
EZE00100082,17830829,TMIN,157,,,E,
ITE00100554,17830830,TMAX,281,,,E,
ITE00100554,17830830,TMIN,221,,,E,
GM000010962,17830830,PRCP,0,,,E,
EZE00100082,17830830,TMAX,227,,,E,
EZE00100082,17830830,TMIN,180,,,E,
ITE00100554,17830831,TMAX,260,,,E,
ITE00100554,17830831,TMIN,198,,,E,
GM000010962,17830831,PRCP,0,,,E,
EZE00100082,17830831,TMAX,220,,,E,
EZE00100082,17830831,TMIN,163,,,E,
ITE00100554,17830901,TMAX,200,,,E,
ITE00100554,17830901,TMIN,200,,,E,
GM000010962,17830901,PRCP,0,,,E,
EZE00100082,17830901,TMAX,207,,,E,
EZE00100082,17830901,TMIN,142,,,E,
ITE00100554,17830902,TMAX,198,,,E,
ITE00100554,17830902,TMIN,178,,,E,
GM000010962,17830902,PRCP,39,,,E,
EZE00100082,17830902,TMAX,202,,,E,
EZE00100082,17830902,TMIN,126,,,E,
ITE00100554,17830903,TMAX,225,,,E,
ITE00100554,17830903,TMIN,153,,,E,
GM000010962,17830903,PRCP,23,,,E,
EZE00100082,17830903,TMAX,195,,,E,
EZE00100082,17830903,TMIN,125,,,E,
ITE00100554,17830904,TMAX,219,,,E,
ITE00100554,17830904,TMIN,178,,,E,
GM000010962,17830904,PRCP,1,,,E,
EZE00100082,17830904,TMAX,215,,,E,
EZE00100082,17830904,TMIN,139,,,E,
ITE00100554,17830905,TMAX,190,,,E,
ITE00100554,17830905,TMIN,161,,,E,
GM000010962,17830905,PRCP,100,,,E,
EZE00100082,17830905,TMAX,190,,,E,
EZE00100082,17830905,TMIN,116,,,E,
ITE00100554,17830906,TMAX,225,,,E,
ITE00100554,17830906,TMIN,145,,,E,
GM000010962,17830906,PRCP,90,,,E,
EZE00100082,17830906,TMAX,180,,,E,
EZE00100082,17830906,TMIN,113,,,E,
ITE00100554,17830907,TMAX,224,,,E,
ITE00100554,17830907,TMIN,140,,,E,
GM000010962,17830907,PRCP,0,,,E,
EZE00100082,17830907,TMAX,208,,,E,
EZE00100082,17830907,TMIN,127,,,E,
ITE00100554,17830908,TMAX,228,,,E,
ITE00100554,17830908,TMIN,154,,,E,
GM000010962,17830908,PRCP,74,,,E,
EZE00100082,17830908,TMAX,174,,,E,
EZE00100082,17830908,TMIN,125,,,E,
ITE00100554,17830909,TMAX,225,,,E,
ITE00100554,17830909,TMIN,169,,,E,
GM000010962,17830909,PRCP,0,,,E,
EZE00100082,17830909,TMAX,180,,,E,
EZE00100082,17830909,TMIN,126,,,E,
ITE00100554,17830910,TMAX,231,,,E,
ITE00100554,17830910,TMIN,183,,,E,
GM000010962,17830910,PRCP,2,,,E,
EZE00100082,17830910,TMAX,185,,,E,
EZE00100082,17830910,TMIN,138,,,E,
ITE00100554,17830911,TMAX,238,,,E,
ITE00100554,17830911,TMIN,190,,,E,
GM000010962,17830911,PRCP,27,,,E,
EZE00100082,17830911,TMAX,179,,,E,
EZE00100082,17830911,TMIN,109,,,E,
ITE00100554,17830912,TMAX,250,,,E,
ITE00100554,17830912,TMIN,203,,,E,
GM000010962,17830912,PRCP,0,,,E,
EZE00100082,17830912,TMAX,245,,,E,
EZE00100082,17830912,TMIN,95,,,E,
ITE00100554,17830913,TMAX,250,,,E,
ITE00100554,17830913,TMIN,210,,,E,
GM000010962,17830913,PRCP,59,,,E,
EZE00100082,17830913,TMAX,201,,,E,
EZE00100082,17830913,TMIN,144,,,E,
ITE00100554,17830914,TMAX,228,,,E,
ITE00100554,17830914,TMIN,166,,,E,
GM000010962,17830914,PRCP,35,,,E,
EZE00100082,17830914,TMAX,187,,,E,
EZE00100082,17830914,TMIN,122,,,E,
ITE00100554,17830915,TMAX,228,,,E,
ITE00100554,17830915,TMIN,165,,,E,
GM000010962,17830915,PRCP,0,,,E,
EZE00100082,17830915,TMAX,212,,,E,
EZE00100082,17830915,TMIN,112,,,E,
ITE00100554,17830916,TMAX,215,,,E,
ITE00100554,17830916,TMIN,183,,,E,
GM000010962,17830916,PRCP,0,,,E,
EZE00100082,17830916,TMAX,241,,,E,
EZE00100082,17830916,TMIN,126,,,E,
ITE00100554,17830917,TMAX,238,,,E,
ITE00100554,17830917,TMIN,189,,,E,
GM000010962,17830917,PRCP,0,,,E,
EZE00100082,17830917,TMAX,242,,,E,
EZE00100082,17830917,TMIN,128,,,E,
ITE00100554,17830918,TMAX,216,,,E,
ITE00100554,17830918,TMIN,196,,,E,
GM000010962,17830918,PRCP,0,,,E,
EZE00100082,17830918,TMAX,230,,,E,
EZE00100082,17830918,TMIN,149,,,E,
ITE00100554,17830919,TMAX,200,,,E,
ITE00100554,17830919,TMIN,189,,,E,
GM000010962,17830919,PRCP,0,,,E,
EZE00100082,17830919,TMAX,227,,,E,
EZE00100082,17830919,TMIN,144,,,E,
ITE00100554,17830920,TMAX,213,,,E,
ITE00100554,17830920,TMIN,179,,,E,
GM000010962,17830920,PRCP,13,,,E,
EZE00100082,17830920,TMAX,227,,,E,
EZE00100082,17830920,TMIN,130,,,E,
ITE00100554,17830921,TMAX,225,,,E,
ITE00100554,17830921,TMIN,175,,,E,
GM000010962,17830921,PRCP,0,,,E,
EZE00100082,17830921,TMAX,231,,,E,
EZE00100082,17830921,TMIN,134,,,E,
ITE00100554,17830922,TMAX,198,,,E,
ITE00100554,17830922,TMIN,181,,,E,
GM000010962,17830922,PRCP,4,,,E,
EZE00100082,17830922,TMAX,226,,,E,
EZE00100082,17830922,TMIN,160,,,E,
ITE00100554,17830923,TMAX,213,,,E,
ITE00100554,17830923,TMIN,170,,,E,
GM000010962,17830923,PRCP,10,,,E,
EZE00100082,17830923,TMAX,238,,,E,
EZE00100082,17830923,TMIN,148,,,E,
ITE00100554,17830924,TMAX,203,,,E,
ITE00100554,17830924,TMIN,175,,,E,
GM000010962,17830924,PRCP,3,,,E,
EZE00100082,17830924,TMAX,201,,,E,
EZE00100082,17830924,TMIN,147,,,E,
ITE00100554,17830925,TMAX,190,,,E,
ITE00100554,17830925,TMIN,173,,,E,
GM000010962,17830925,PRCP,5,,,E,
EZE00100082,17830925,TMAX,215,,,E,
EZE00100082,17830925,TMIN,146,,,E,
ITE00100554,17830926,TMAX,220,,,E,
ITE00100554,17830926,TMIN,175,,,E,
GM000010962,17830926,PRCP,0,,,E,
EZE00100082,17830926,TMAX,215,,,E,
EZE00100082,17830926,TMIN,150,,,E,
ITE00100554,17830927,TMAX,241,,,E,
ITE00100554,17830927,TMIN,170,,,E,
GM000010962,17830927,PRCP,6,,,E,
EZE00100082,17830927,TMAX,204,,,E,
EZE00100082,17830927,TMIN,121,,,E,
ITE00100554,17830928,TMAX,228,,,E,
ITE00100554,17830928,TMIN,188,,,E,
GM000010962,17830928,PRCP,10,,,E,
EZE00100082,17830928,TMAX,218,,,E,
EZE00100082,17830928,TMIN,109,,,E,
ITE00100554,17830929,TMAX,204,,,E,
ITE00100554,17830929,TMIN,169,,,E,
GM000010962,17830929,PRCP,0,,,E,
EZE00100082,17830929,TMAX,229,,,E,
EZE00100082,17830929,TMIN,89,,,E,
ITE00100554,17830930,TMAX,194,,,E,
ITE00100554,17830930,TMIN,150,,,E,
GM000010962,17830930,PRCP,5,,,E,
EZE00100082,17830930,TMAX,178,,,E,
EZE00100082,17830930,TMIN,76,,,E,
ITE00100554,17831001,TMAX,175,,,E,
ITE00100554,17831001,TMIN,150,,,E,
GM000010962,17831001,PRCP,0,,,E,
EZE00100082,17831001,TMAX,182,,,E,
EZE00100082,17831001,TMIN,72,,,E,
ITE00100554,17831002,TMAX,185,,,E,
ITE00100554,17831002,TMIN,153,,,E,
GM000010962,17831002,PRCP,0,,,E,
EZE00100082,17831002,TMAX,202,,,E,
EZE00100082,17831002,TMIN,89,,,E,
ITE00100554,17831003,TMAX,188,,,E,
ITE00100554,17831003,TMIN,153,,,E,
GM000010962,17831003,PRCP,23,,,E,
EZE00100082,17831003,TMAX,190,,,E,
EZE00100082,17831003,TMIN,113,,,E,
ITE00100554,17831004,TMAX,195,,,E,
ITE00100554,17831004,TMIN,145,,,E,
GM000010962,17831004,PRCP,0,,,E,
EZE00100082,17831004,TMAX,203,,,E,
EZE00100082,17831004,TMIN,89,,,E,
ITE00100554,17831005,TMAX,190,,,E,
ITE00100554,17831005,TMIN,128,,,E,
GM000010962,17831005,PRCP,0,,,E,
EZE00100082,17831005,TMAX,195,,,E,
EZE00100082,17831005,TMIN,86,,,E,
ITE00100554,17831006,TMAX,194,,,E,
ITE00100554,17831006,TMIN,140,,,E,
GM000010962,17831006,PRCP,0,,,E,
EZE00100082,17831006,TMAX,193,,,E,
EZE00100082,17831006,TMIN,95,,,E,
ITE00100554,17831007,TMAX,200,,,E,
ITE00100554,17831007,TMIN,135,,,E,
GM000010962,17831007,PRCP,0,,,E,
EZE00100082,17831007,TMAX,206,,,E,
EZE00100082,17831007,TMIN,114,,,E,
ITE00100554,17831008,TMAX,188,,,E,
ITE00100554,17831008,TMIN,165,,,E,
GM000010962,17831008,PRCP,33,,,E,
EZE00100082,17831008,TMAX,138,,,E,
EZE00100082,17831008,TMIN,82,,,E,
ITE00100554,17831009,TMAX,175,,,E,
ITE00100554,17831009,TMIN,169,,I,E,
GM000010962,17831009,PRCP,82,,,E,
EZE00100082,17831009,TMAX,96,,,E,
EZE00100082,17831009,TMIN,65,,,E,
ITE00100554,17831010,TMAX,154,,I,E,
ITE00100554,17831010,TMIN,131,,,E,
GM000010962,17831010,PRCP,123,,,E,
EZE00100082,17831010,TMAX,105,,,E,
EZE00100082,17831010,TMIN,48,,,E,
ITE00100554,17831011,TMAX,153,,,E,
ITE00100554,17831011,TMIN,120,,,E,
GM000010962,17831011,PRCP,11,,,E,
EZE00100082,17831011,TMAX,104,,,E,
EZE00100082,17831011,TMIN,18,,,E,
ITE00100554,17831012,TMAX,135,,,E,
ITE00100554,17831012,TMIN,125,,,E,
GM000010962,17831012,PRCP,4,,,E,
EZE00100082,17831012,TMAX,178,,,E,
EZE00100082,17831012,TMIN,54,,,E,
ITE00100554,17831013,TMAX,150,,,E,
ITE00100554,17831013,TMIN,138,,,E,
GM000010962,17831013,PRCP,0,,,E,
EZE00100082,17831013,TMAX,168,,,E,
EZE00100082,17831013,TMIN,75,,,E,
ITE00100554,17831014,TMAX,185,,,E,
ITE00100554,17831014,TMIN,140,,,E,
GM000010962,17831014,PRCP,0,,,E,
EZE00100082,17831014,TMAX,146,,,E,
EZE00100082,17831014,TMIN,81,,,E,
ITE00100554,17831015,TMAX,183,,,E,
ITE00100554,17831015,TMIN,154,,,E,
GM000010962,17831015,PRCP,5,,,E,
EZE00100082,17831015,TMAX,138,,,E,
EZE00100082,17831015,TMIN,77,,,E,
ITE00100554,17831016,TMAX,181,,,E,
ITE00100554,17831016,TMIN,148,,,E,
GM000010962,17831016,PRCP,35,,,E,
EZE00100082,17831016,TMAX,143,,,E,
EZE00100082,17831016,TMIN,94,,,E,
ITE00100554,17831017,TMAX,183,,,E,
ITE00100554,17831017,TMIN,153,,,E,
GM000010962,17831017,PRCP,3,,,E,
EZE00100082,17831017,TMAX,140,,,E,
EZE00100082,17831017,TMIN,80,,,E,
ITE00100554,17831018,TMAX,175,,,E,
ITE00100554,17831018,TMIN,140,,,E,
GM000010962,17831018,PRCP,5,,,E,
EZE00100082,17831018,TMAX,117,,,E,
EZE00100082,17831018,TMIN,76,,,E,
ITE00100554,17831019,TMAX,169,,,E,
ITE00100554,17831019,TMIN,140,,,E,
GM000010962,17831019,PRCP,8,,,E,
EZE00100082,17831019,TMAX,105,,,E,
EZE00100082,17831019,TMIN,25,,,E,
ITE00100554,17831020,TMAX,165,,,E,
ITE00100554,17831020,TMIN,106,,,E,
GM000010962,17831020,PRCP,4,,,E,
EZE00100082,17831020,TMAX,95,,,E,
EZE00100082,17831020,TMIN,78,,,E,
ITE00100554,17831021,TMAX,165,,,E,
ITE00100554,17831021,TMIN,103,,,E,
GM000010962,17831021,PRCP,5,,,E,
EZE00100082,17831021,TMAX,110,,,E,
EZE00100082,17831021,TMIN,76,,,E,
ITE00100554,17831022,TMAX,163,,,E,
ITE00100554,17831022,TMIN,113,,,E,
GM000010962,17831022,PRCP,4,,,E,
EZE00100082,17831022,TMAX,106,,,E,
EZE00100082,17831022,TMIN,92,,,E,
ITE00100554,17831023,TMAX,165,,,E,
ITE00100554,17831023,TMIN,120,,,E,
GM000010962,17831023,PRCP,0,,,E,
EZE00100082,17831023,TMAX,121,,,E,
EZE00100082,17831023,TMIN,77,,,E,
ITE00100554,17831024,TMAX,163,,,E,
ITE00100554,17831024,TMIN,140,,,E,
GM000010962,17831024,PRCP,0,,,E,
EZE00100082,17831024,TMAX,151,,,E,
EZE00100082,17831024,TMIN,101,,,E,
ITE00100554,17831025,TMAX,163,,,E,
ITE00100554,17831025,TMIN,144,,,E,
GM000010962,17831025,PRCP,0,,,E,
EZE00100082,17831025,TMAX,169,,,E,
EZE00100082,17831025,TMIN,93,,,E,
ITE00100554,17831026,TMAX,170,,,E,
ITE00100554,17831026,TMIN,150,,,E,
GM000010962,17831026,PRCP,2,,,E,
EZE00100082,17831026,TMAX,128,,,E,
EZE00100082,17831026,TMIN,105,,,E,
ITE00100554,17831027,TMAX,181,,,E,
ITE00100554,17831027,TMIN,156,,,E,
GM000010962,17831027,PRCP,5,,,E,
EZE00100082,17831027,TMAX,165,,,E,
EZE00100082,17831027,TMIN,92,,,E,
ITE00100554,17831028,TMAX,181,,,E,
ITE00100554,17831028,TMIN,153,,,E,
GM000010962,17831028,PRCP,8,,,E,
EZE00100082,17831028,TMAX,149,,,E,
EZE00100082,17831028,TMIN,67,,,E,
ITE00100554,17831029,TMAX,181,,,E,
ITE00100554,17831029,TMIN,128,,,E,
GM000010962,17831029,PRCP,18,,,E,
EZE00100082,17831029,TMAX,105,,,E,
EZE00100082,17831029,TMIN,61,,,E,
ITE00100554,17831030,TMAX,156,,,E,
ITE00100554,17831030,TMIN,123,,,E,
GM000010962,17831030,PRCP,0,,,E,
EZE00100082,17831030,TMAX,124,,,E,
EZE00100082,17831030,TMIN,42,,,E,
ITE00100554,17831031,TMAX,150,,,E,
ITE00100554,17831031,TMIN,100,,,E,
GM000010962,17831031,PRCP,0,,,E,
EZE00100082,17831031,TMAX,115,,,E,
EZE00100082,17831031,TMIN,39,,,E,
ITE00100554,17831101,TMAX,146,,,E,
ITE00100554,17831101,TMIN,115,,,E,
GM000010962,17831101,PRCP,0,,,E,
EZE00100082,17831101,TMAX,129,,,E,
EZE00100082,17831101,TMIN,12,,,E,
ITE00100554,17831102,TMAX,129,,,E,
ITE00100554,17831102,TMIN,95,,,E,
GM000010962,17831102,PRCP,0,,,E,
EZE00100082,17831102,TMAX,117,,,E,
EZE00100082,17831102,TMIN,25,,,E,
ITE00100554,17831103,TMAX,145,,,E,
ITE00100554,17831103,TMIN,120,,,E,
GM000010962,17831103,PRCP,0,,,E,
EZE00100082,17831103,TMAX,105,,,E,
EZE00100082,17831103,TMIN,54,,,E,
ITE00100554,17831104,TMAX,144,,I,E,
ITE00100554,17831104,TMIN,133,,,E,
GM000010962,17831104,PRCP,0,,,E,
EZE00100082,17831104,TMAX,90,,,E,
EZE00100082,17831104,TMIN,79,,,E,
ITE00100554,17831105,TMAX,156,,,E,
ITE00100554,17831105,TMIN,156,,I,E,
GM000010962,17831105,PRCP,0,,,E,
EZE00100082,17831105,TMAX,92,,,E,
EZE00100082,17831105,TMIN,69,,,E,
ITE00100554,17831106,TMAX,156,,,E,
ITE00100554,17831106,TMIN,131,,I,E,
GM000010962,17831106,PRCP,19,,,E,
EZE00100082,17831106,TMAX,69,,,E,
EZE00100082,17831106,TMIN,7,,,E,
ITE00100554,17831107,TMAX,115,,I,E,
ITE00100554,17831107,TMIN,110,,I,E,
GM000010962,17831107,PRCP,4,,,E,
EZE00100082,17831107,TMAX,56,,,E,
EZE00100082,17831107,TMIN,8,,,E,
ITE00100554,17831108,TMAX,96,,I,E,
ITE00100554,17831108,TMIN,65,,,E,
GM000010962,17831108,PRCP,14,,,E,
EZE00100082,17831108,TMAX,15,,,E,
EZE00100082,17831108,TMIN,-30,,,E,
ITE00100554,17831109,TMAX,65,,,E,
ITE00100554,17831109,TMIN,15,,,E,
GM000010962,17831109,PRCP,25,,,E,
EZE00100082,17831109,TMAX,-27,,,E,
EZE00100082,17831109,TMIN,-44,,,E,
ITE00100554,17831110,TMAX,56,,,E,
ITE00100554,17831110,TMIN,19,,,E,
GM000010962,17831110,PRCP,14,,,E,
EZE00100082,17831110,TMAX,20,,,E,
EZE00100082,17831110,TMIN,-36,,,E,
ITE00100554,17831111,TMAX,56,,,E,
ITE00100554,17831111,TMIN,10,,,E,
GM000010962,17831111,PRCP,0,,,E,
EZE00100082,17831111,TMAX,30,,,E,
EZE00100082,17831111,TMIN,0,,,E,
ITE00100554,17831112,TMAX,63,,,E,
ITE00100554,17831112,TMIN,4,,,E,
GM000010962,17831112,PRCP,0,,,E,
EZE00100082,17831112,TMAX,53,,,E,
EZE00100082,17831112,TMIN,22,,,E,
ITE00100554,17831113,TMAX,69,,,E,
ITE00100554,17831113,TMIN,41,,,E,
GM000010962,17831113,PRCP,13,,,E,
EZE00100082,17831113,TMAX,47,,,E,
EZE00100082,17831113,TMIN,29,,,E,
ITE00100554,17831114,TMAX,85,,,E,
ITE00100554,17831114,TMIN,56,,,E,
GM000010962,17831114,PRCP,0,,,E,
EZE00100082,17831114,TMAX,87,,,E,
EZE00100082,17831114,TMIN,29,,,E,
ITE00100554,17831115,TMAX,88,,,E,
ITE00100554,17831115,TMIN,34,,,E,
GM000010962,17831115,PRCP,7,,,E,
EZE00100082,17831115,TMAX,72,,,E,
EZE00100082,17831115,TMIN,25,,,E,
ITE00100554,17831116,TMAX,110,,,E,
ITE00100554,17831116,TMIN,46,,,E,
GM000010962,17831116,PRCP,42,,,E,
EZE00100082,17831116,TMAX,75,,,E,
EZE00100082,17831116,TMIN,37,,,E,
ITE00100554,17831117,TMAX,104,,,E,
ITE00100554,17831117,TMIN,59,,,E,
GM000010962,17831117,PRCP,2,,,E,
EZE00100082,17831117,TMAX,135,,,E,
EZE00100082,17831117,TMIN,75,,,E,
ITE00100554,17831118,TMAX,103,,,E,
ITE00100554,17831118,TMIN,73,,,E,
GM000010962,17831118,PRCP,0,,,E,
EZE00100082,17831118,TMAX,141,,,E,
EZE00100082,17831118,TMIN,111,,,E,
ITE00100554,17831119,TMAX,86,,,E,
ITE00100554,17831119,TMIN,75,,,E,
GM000010962,17831119,PRCP,20,,,E,
EZE00100082,17831119,TMAX,130,,,E,
EZE00100082,17831119,TMIN,104,,,E,
ITE00100554,17831120,TMAX,165,,,E,
ITE00100554,17831120,TMIN,63,,,E,
GM000010962,17831120,PRCP,55,,,E,
EZE00100082,17831120,TMAX,130,,,E,
EZE00100082,17831120,TMIN,84,,,E,
ITE00100554,17831121,TMAX,138,,,E,
ITE00100554,17831121,TMIN,88,,,E,
GM000010962,17831121,PRCP,19,,,E,
EZE00100082,17831121,TMAX,84,,,E,
EZE00100082,17831121,TMIN,9,,,E,
ITE00100554,17831122,TMAX,95,,,E,
ITE00100554,17831122,TMIN,58,,,E,
GM000010962,17831122,PRCP,72,,,E,
EZE00100082,17831122,TMAX,9,,,E,
EZE00100082,17831122,TMIN,-35,,,E,
ITE00100554,17831123,TMAX,65,,,E,
ITE00100554,17831123,TMIN,45,,,E,
GM000010962,17831123,PRCP,0,,,E,
EZE00100082,17831123,TMAX,-1,,,E,
EZE00100082,17831123,TMIN,-47,,,E,
ITE00100554,17831124,TMAX,63,,,E,
ITE00100554,17831124,TMIN,11,,,E,
GM000010962,17831124,PRCP,0,,,E,
EZE00100082,17831124,TMAX,29,,,E,
EZE00100082,17831124,TMIN,-22,,,E,
ITE00100554,17831125,TMAX,38,,,E,
ITE00100554,17831125,TMIN,3,,,E,
GM000010962,17831125,PRCP,0,,,E,
EZE00100082,17831125,TMAX,65,,,E,
EZE00100082,17831125,TMIN,29,,,E,
ITE00100554,17831126,TMAX,65,,,E,
ITE00100554,17831126,TMIN,8,,,E,
GM000010962,17831126,PRCP,20,,,E,
EZE00100082,17831126,TMAX,41,,,E,
EZE00100082,17831126,TMIN,-33,,,E,
ITE00100554,17831127,TMAX,63,,,E,
ITE00100554,17831127,TMIN,45,,,E,
GM000010962,17831127,PRCP,0,,,E,
EZE00100082,17831127,TMAX,26,,,E,
EZE00100082,17831127,TMIN,-47,,,E,
ITE00100554,17831128,TMAX,58,,,E,
ITE00100554,17831128,TMIN,0,,,E,
GM000010962,17831128,PRCP,0,,,E,
EZE00100082,17831128,TMAX,57,,,E,
EZE00100082,17831128,TMIN,23,,,E,
ITE00100554,17831129,TMAX,53,,,E,
ITE00100554,17831129,TMIN,-3,,,E,
GM000010962,17831129,PRCP,0,,,E,
EZE00100082,17831129,TMAX,57,,,E,
EZE00100082,17831129,TMIN,-5,,,E,
ITE00100554,17831130,TMAX,54,,,E,
ITE00100554,17831130,TMIN,-1,,,E,
GM000010962,17831130,PRCP,0,,,E,
EZE00100082,17831130,TMAX,3,,,E,
EZE00100082,17831130,TMIN,-22,,,E,
ITE00100554,17831201,TMAX,40,,,E,
ITE00100554,17831201,TMIN,4,,,E,
GM000010962,17831201,PRCP,0,,,E,
EZE00100082,17831201,TMAX,52,,,E,
EZE00100082,17831201,TMIN,-1,,,E,
ITE00100554,17831202,TMAX,63,,,E,
ITE00100554,17831202,TMIN,39,,,E,
GM000010962,17831202,PRCP,0,,,E,
EZE00100082,17831202,TMAX,44,,,E,
EZE00100082,17831202,TMIN,7,,,E,
ITE00100554,17831203,TMAX,69,,,E,
ITE00100554,17831203,TMIN,44,,,E,
GM000010962,17831203,PRCP,0,,,E,
EZE00100082,17831203,TMAX,7,,,E,
EZE00100082,17831203,TMIN,-21,,,E,
ITE00100554,17831204,TMAX,63,,,E,
ITE00100554,17831204,TMIN,59,,I,E,
GM000010962,17831204,PRCP,0,,,E,
EZE00100082,17831204,TMAX,-11,,,E,
EZE00100082,17831204,TMIN,-38,,,E,
ITE00100554,17831205,TMAX,44,,I,E,
ITE00100554,17831205,TMIN,41,,,E,
GM000010962,17831205,PRCP,0,,,E,
EZE00100082,17831205,TMAX,18,,,E,
EZE00100082,17831205,TMIN,-43,,,E,
ITE00100554,17831206,TMAX,53,,,E,
ITE00100554,17831206,TMIN,31,,,E,
GM000010962,17831206,PRCP,0,,,E,
EZE00100082,17831206,TMAX,16,,,E,
EZE00100082,17831206,TMIN,-37,,,E,
ITE00100554,17831207,TMAX,56,,,E,
ITE00100554,17831207,TMIN,31,,,E,
GM000010962,17831207,PRCP,0,,,E,
EZE00100082,17831207,TMAX,-5,,,E,
EZE00100082,17831207,TMIN,-15,,,E,
ITE00100554,17831208,TMAX,69,,,E,
ITE00100554,17831208,TMIN,59,,,E,
GM000010962,17831208,PRCP,35,,,E,
EZE00100082,17831208,TMAX,-1,,,E,
EZE00100082,17831208,TMIN,-17,,,E,
ITE00100554,17831209,TMAX,78,,,E,
ITE00100554,17831209,TMIN,50,,,E,
GM000010962,17831209,PRCP,16,,,E,
EZE00100082,17831209,TMAX,-17,,,E,
EZE00100082,17831209,TMIN,-27,,,E,
ITE00100554,17831210,TMAX,40,,,E,
ITE00100554,17831210,TMIN,13,,,E,
GM000010962,17831210,PRCP,0,,,E,
EZE00100082,17831210,TMAX,-1,,,E,
EZE00100082,17831210,TMIN,-32,,,E,
ITE00100554,17831211,TMAX,56,,,E,
ITE00100554,17831211,TMIN,19,,,E,
GM000010962,17831211,PRCP,0,,,E,
EZE00100082,17831211,TMAX,-26,,,E,
EZE00100082,17831211,TMIN,-64,,,E,
ITE00100554,17831212,TMAX,53,,,E,
ITE00100554,17831212,TMIN,40,,,E,
GM000010962,17831212,PRCP,0,,,E,
EZE00100082,17831212,TMAX,-37,,,E,
EZE00100082,17831212,TMIN,-71,,,E,
ITE00100554,17831213,TMAX,44,,,E,
ITE00100554,17831213,TMIN,21,,,E,
GM000010962,17831213,PRCP,0,,,E,
EZE00100082,17831213,TMAX,0,,,E,
EZE00100082,17831213,TMIN,-37,,,E,
ITE00100554,17831214,TMAX,31,,,E,
ITE00100554,17831214,TMIN,19,,,E,
GM000010962,17831214,PRCP,0,,,E,
EZE00100082,17831214,TMAX,-7,,,E,
EZE00100082,17831214,TMIN,-60,,,E,
ITE00100554,17831215,TMAX,15,,,E,
ITE00100554,17831215,TMIN,-8,,,E,
GM000010962,17831215,PRCP,0,,,E,
EZE00100082,17831215,TMAX,-45,,,E,
EZE00100082,17831215,TMIN,-71,,,E,
ITE00100554,17831216,TMAX,25,,,E,
ITE00100554,17831216,TMIN,-6,,,E,
GM000010962,17831216,PRCP,0,,,E,
EZE00100082,17831216,TMAX,-17,,,E,
EZE00100082,17831216,TMIN,-53,,,E,
ITE00100554,17831217,TMAX,0,,,E,
ITE00100554,17831217,TMIN,-15,,,E,
GM000010962,17831217,PRCP,0,,,E,
EZE00100082,17831217,TMAX,-15,,,E,
EZE00100082,17831217,TMIN,-80,,,E,
ITE00100554,17831218,TMAX,0,,,E,
ITE00100554,17831218,TMIN,-13,,,E,
GM000010962,17831218,PRCP,8,,,E,
EZE00100082,17831218,TMAX,-12,,,E,
EZE00100082,17831218,TMIN,-68,,,E,
ITE00100554,17831219,TMAX,13,,,E,
ITE00100554,17831219,TMIN,-13,,,E,
GM000010962,17831219,PRCP,0,,,E,
EZE00100082,17831219,TMAX,-52,,,E,
EZE00100082,17831219,TMIN,-98,,,E,
ITE00100554,17831220,TMAX,13,,,E,
ITE00100554,17831220,TMIN,-13,,,E,
GM000010962,17831220,PRCP,0,,,E,
EZE00100082,17831220,TMAX,-32,,,E,
EZE00100082,17831220,TMIN,-115,,,E,
ITE00100554,17831221,TMAX,0,,,E,
ITE00100554,17831221,TMIN,-28,,,E,
GM000010962,17831221,PRCP,0,,,E,
EZE00100082,17831221,TMAX,15,,,E,
EZE00100082,17831221,TMIN,-53,,,E,
ITE00100554,17831222,TMAX,10,,,E,
ITE00100554,17831222,TMIN,-19,,,E,
GM000010962,17831222,PRCP,0,,,E,
EZE00100082,17831222,TMAX,-1,,,E,
EZE00100082,17831222,TMIN,-47,,,E,
ITE00100554,17831223,TMAX,25,,,E,
ITE00100554,17831223,TMIN,8,,,E,
GM000010962,17831223,PRCP,7,,,E,
EZE00100082,17831223,TMAX,-25,,,E,
EZE00100082,17831223,TMIN,-47,,,E,
ITE00100554,17831224,TMAX,0,,,E,
ITE00100554,17831224,TMIN,-13,,,E,
GM000010962,17831224,PRCP,18,,,E,
EZE00100082,17831224,TMAX,-47,,,E,
EZE00100082,17831224,TMIN,-81,,,E,
ITE00100554,17831225,TMAX,0,,,E,
ITE00100554,17831225,TMIN,-16,,,E,
GM000010962,17831225,PRCP,12,,,E,
EZE00100082,17831225,TMAX,-68,,,E,
EZE00100082,17831225,TMIN,-96,,,E,
ITE00100554,17831226,TMAX,8,,,E,
ITE00100554,17831226,TMIN,0,,,E,
GM000010962,17831226,PRCP,14,,,E,
EZE00100082,17831226,TMAX,-20,,,E,
EZE00100082,17831226,TMIN,-84,,,E,
ITE00100554,17831227,TMAX,13,,,E,
ITE00100554,17831227,TMIN,6,,,E,
GM000010962,17831227,PRCP,0,,,E,
EZE00100082,17831227,TMAX,8,,,E,
EZE00100082,17831227,TMIN,-25,,,E,
ITE00100554,17831228,TMAX,25,,,E,
ITE00100554,17831228,TMIN,23,,,E,
GM000010962,17831228,PRCP,108,,,E,
EZE00100082,17831228,TMAX,-25,,,E,
EZE00100082,17831228,TMIN,-53,,,E,
ITE00100554,17831229,TMAX,58,,,E,
ITE00100554,17831229,TMIN,29,,I,E,
GM000010962,17831229,PRCP,13,,,E,
EZE00100082,17831229,TMAX,-40,,,E,
EZE00100082,17831229,TMIN,-146,,,E,
ITE00100554,17831230,TMAX,16,,I,E,
ITE00100554,17831230,TMIN,8,,,E,
GM000010962,17831230,PRCP,14,,,E,
EZE00100082,17831230,TMAX,-124,,,E,
EZE00100082,17831230,TMIN,-203,,,E,
ITE00100554,17831231,TMAX,6,,,E,
ITE00100554,17831231,TMIN,0,,,E,
GM000010962,17831231,PRCP,6,,,E,
EZE00100082,17831231,TMAX,-173,,,E,
EZE00100082,17831231,TMIN,-215,,,E,
